<ReportingModule><Metadata><Label>Stener Lesion</Label><ID>Stener_Lesion</ID><SchemaVersion>1.0</SchemaVersion><ModuleVersion>1.0</ModuleVersion><Info><Diagrams></Diagrams><Description>This module describes the Common Data elements and Macros forStener Lesion</Description><References>
              <Citation Url="http://radelement.org/"> CDE URL </Citation>
              <Citation Url="https://docs.google.com/spreadsheets/d/1mXqXAByeur3C5ud-wbLY2vggB29-nSxU5nYpoInGsK4/edit#gid=891834841">
              CDE google sheet </Citation>
            </References><Contact><Name>Reviewer1 test</Name><Email>reviewer1@yopmail.com</Email><Institution>undefined</Institution></Contact> </Info></Metadata><DataElements><MultiChoiceDataElement Id="UCLStatus" IsRequired="true" DisplaySequence="1"><Label>UCL Status</Label><Hint>Determine the status of the UCL</Hint><ChoiceInfo><Choice><Value>0:Indeterminate</Value><Label>0: Indeterminate</Label></Choice><Choice><Value>1:Normal</Value><Label>1: Normal</Label></Choice><Choice><Value>2:Abnormal</Value><Label>2: Abnormal</Label></Choice></ChoiceInfo></MultiChoiceDataElement><MultiChoiceDataElement Id="Stenerlesiondetection" IsRequired="true" DisplaySequence="2"><Label>Stener lesion detection</Label><Hint>If UCL is abnormal, detect the presence of a Stener lesion</Hint><ChoiceInfo><Choice><Value>0:Indeterminate</Value><Label>0: Indeterminate</Label></Choice><Choice><Value>1:Stenerlesionabsent</Value><Label>1: Stener lesion absent</Label></Choice><Choice><Value>2:Stenerlesionpresent</Value><Label>2: Stener lesion present</Label></Choice></ChoiceInfo></MultiChoiceDataElement></DataElements> <Rules><DecisionPoint Id="macrodp">	<Label>Macro Banch</Label>	<Branch>		<EqualCondition DataElementId="conditionConst" ComparisonValue="10"/>		<EndPointRef EndPointId="macroEndpoint"></EndPointRef>	</Branch>	</DecisionPoint>	</Rules> <EndPoints><EndPoint Id="macroEndpoint"><Label>A</Label><ReportTexts><ReportText SectionId="findings">	Sample Report Text</ReportText></ReportTexts></EndPoint></EndPoints></ReportingModule>